patient_id,ho_ten,cccd,ngay_sinh,so_dien_thoai,email,dia_chi,benh,ket_qua_xet_nghiem,bac_si_phu_trach,ngay_kham
bdd640fb-0667-4ad1-9c80-317fa3b1799d,Quang Phạm,295061540756,05/09/1945,0839468289,maijohn@example.net,"338 John Số
Thị xã JaneThành phố, 895667",Huyết áp cao,4.18,Quý cô Thành Vũ,28/01/2026
1a2a73ed-562b-4f79-8374-59eef50bea63,Kim Trần,874692551112,12/09/1961,0940098420,jane07@example.net,"849 Hoàng Làng
Thành phố JohnHuyện, 183667",Khỏe mạnh,4.4,Cô Hồng Vũ,23/03/2026
5ec42e08-29a3-42e9-9d65-a441d58842de,Trung Đức Trần,045565490535,17/12/1979,0354323264,johnle@example.com,"5 John Đường
JaneHuyện, 169403",Khỏe mạnh,9.92,Bà Mai Dương,13/03/2026
24933b83-7577-40a9-a491-f0b2ea1fca65,Hoàng Phạm,550462152238,17/11/1989,0914683045,jane96@example.com,"7 John Ngõ
Quận JaneXã, 166613",Huyết áp cao,4.25,Kim Mai Mai,15/02/2026
02f06b90-f143-462f-9c5c-0eed8da0365b,Hải Mai,851821210209,23/04/1990,0924220324,john46@example.org,"2 Jane Làng
Huyện JohnXã, 916449",Tim mạch,3.69,Duyên Đặng,29/03/2026
e0f3eab0-5cec-4eb5-add9-68311ca35cfb,Quang Nguyễn,319419914523,28/01/1953,0308908767,tranjane@example.org,"Quận JaneXã
89 Phạm Làng, 847581",Tiểu đường,4.83,Thành Đặng,20/03/2026
3f76be1d-1efa-4197-b394-988f847fd9b4,Cô Linh Nguyễn,375640341484,10/06/1978,0300683956,johnnguyen@example.org,"105 John Khu
JohnXã, 238739",Huyết áp cao,4.06,Anh Châu Bùi,04/02/2026
5ab33edf-6e59-4ed3-a8b3-17fa18d0752b,Kim Mai Nguyễn,512676041029,25/08/1984,0356038526,nguyenjane@example.net,"338 Lê Số
Huyện JaneQuận, 179046",Tiểu đường,6.24,Ông Hưng Mai,31/05/2026
c0e9ab30-ed26-42e9-97e0-11b7f8102383,Chị Hồng Dương,500244726634,19/08/1970,0890324092,knguyen@example.com,"74 Mai Dãy
Quận JaneQuận, 161324",Tiểu đường,11.75,Yến Đặng,11/01/2026
eb5cf467-80ba-4d64-ba0e-cfea958ca9ba,Cô Phương Trần,567476956935,23/08/1997,0532649207,hoangjohn@example.net,"939 John Số
JaneQuận, 802258",Khỏe mạnh,11.45,Quang Đức Bùi,24/01/2026
50f0fd0a-750c-4b75-8ccc-9bc2a53f8a28,An Dương,228618390408,02/11/1980,0504581625,tranjohn@example.net,"354 Jane Khu
Huyện JohnQuận, 377312",Tim mạch,5.62,Hà Mai,28/01/2026
b7b56ea7-35eb-432d-9ad6-20ab48212ddb,Trung Đức Mai,635099347373,27/02/1971,0949781221,tranjane@example.com,"427 Mai Đường
Thành phố JohnXã, 137778",Tim mạch,11.65,Nhiên Trí Bùi,23/01/2026
eededb07-e623-4689-9d59-cd2a4eea04e7,Xuân Đặng,762700564722,30/10/1950,0870267726,johndang@example.net,"2 John Hẻm
JohnQuận, 872343",Huyết áp cao,9.2,Huy Hải Vũ,29/01/2026
df465290-61ee-411a-9bac-27a7b386f7a4,Ánh Dương,776762089793,24/09/1951,0580872505,tdang@example.org,"54 Jane Tổ
JaneThành phố, 220944",Khỏe mạnh,7.58,Phúc Hoàng,23/06/2026
98b8e4cc-1bc0-44fc-89cb-394243f59a85,Thành Tấn Bùi,682425481445,30/09/1979,0730129666,buijohn@example.com,"883 Bùi Ngõ
JanePhường, 989208",Khỏe mạnh,9.14,Nhật Vũ,02/04/2026
6703b636-5380-4904-a88c-7015aab97e49,Tùng Lê,539676818022,01/07/1949,0982847762,nle@example.net,"43 Hoàng Tổ
JaneThị xã, 808446",Tiểu đường,10.23,Quý cô Vi Lê,29/04/2026
a2086977-a9f2-4336-83f4-a9a948a639d0,Vũ Hải Vũ,591400800579,22/11/1951,0311641902,johnnguyen@example.org,"1 Bùi Làng
JaneThị xã, 355836",Huyết áp cao,4.5,Cô Hà Bùi,09/02/2026
8498e113-b227-462c-b53d-4330cdda24ba,Ông Tùng Phạm,157107306022,21/06/2002,0999829716,duongjohn@example.com,"98 Mai Dãy
Thị xã JaneHuyện, 888295",Tim mạch,4.53,Bà Vi Mai,29/03/2026
13d5f2f7-709b-4d97-864c-04af3d3f3799,Quang Vũ,706029065930,05/01/1960,0938432534,lejohn@example.org,"3 Jane Số
JaneThị xã, 165290",Tim mạch,6.07,Quý cô Hồng Hoàng,20/06/2026
c3fe0183-e172-4725-9b52-ca5805000bc6,Nhật Văn Đặng,740143779384,17/04/1957,0770606830,ibui@example.net,"34 Dương Đường
JanePhường, 812131",Huyết áp cao,10.78,Nhật Xuân Dương,15/06/2026
06e745f9-88bc-439c-9f4c-3b79fb10987f,Khoa Văn Trần,899237734349,01/06/1982,0736423703,janele@example.org,"755 Vũ Số
JohnThị xã, 120324",Khỏe mạnh,5.44,Linh Phạm,28/04/2026
0a4e5b70-a6d9-44a3-b510-ab53c7fee39f,Mai Phạm,185040157253,04/10/1996,0349794845,johnle@example.com,"45 John Hẻm
JohnXã, 126925",Huyết áp cao,5.85,Nhiên Bùi,13/03/2026
9793b9b4-1374-4146-b2c5-bd89b70b3420,Cô Yến Vũ,407885365565,26/07/1997,0976073855,hoangjohn@example.com,"850 Dương Ngõ
JanePhường, 968962",Tiểu đường,7.15,Anh Huy Lê,13/05/2026
9dac6e83-4524-4ea6-a684-6099f7294951,Quý ông Huy Hoàng,658375645837,01/02/1955,0996861019,johnvu@example.com,"9 Đặng Đường
JaneQuận, 611233",Tiểu đường,6.12,Bà Vi Vũ,03/03/2026
e14eb70d-b380-473a-989d-9d4ae15ca666,Tùng Nguyễn,555961100537,17/03/1973,0869815586,johnpham@example.net,"7 Dương Đường
Huyện JohnThị xã, 825391",Tiểu đường,10.65,Bà Dương Hoàng,08/03/2026
6cedd15d-5800-4c02-87ea-7ff58db06746,Quang Mai Vũ,990258295548,16/11/1957,0560988974,johnpham@example.com,"374 Trần Làng
JohnHuyện, 288158",Huyết áp cao,4.51,Nam Mai,23/01/2026
8da8eee4-0df5-4ac6-b96b-648a0ba6eab9,Hoàng Dương,878971124466,25/12/1942,0531181108,hoangjane@example.com,"047 John Số
JohnXã, 760021",Huyết áp cao,5.08,Lan Lê,27/05/2026
fe716b14-15ce-4a66-8dc8-2a1ef2f9e5fa,Cô Vân Bùi,123424157386,03/10/1979,0353110313,janeduong@example.com,"99 John Làng
Huyện JohnQuận, 351516",Tim mạch,8.06,Cô Bảo Nguyễn,15/03/2026
4a8ff810-784c-4f29-9804-02a2b07aa066,Mai Vũ,110411184627,07/02/1987,0715006542,rtran@example.org,"18 John Khu
Thành phố JohnQuận, 931131",Tim mạch,11.28,Trọng Hoàng,15/06/2026
b04d3376-77fc-4703-9fd5-a423706c5c56,Thành Vũ,829909144930,11/01/1972,0360983214,fduong@example.net,"5 Nguyễn Ngõ
Thành phố JaneXã, 142185",Tiểu đường,9.08,Quý cô Phương Dương,14/06/2026
6f962882-95d8-4980-bf37-d19c2e76128b,Ông Châu Đặng,907270644300,21/04/1965,0946615953,john25@example.com,"6 Jane Ngõ
JaneHuyện, 221552",Tiểu đường,6.38,Phương Văn Mai,25/03/2026
5c9d927d-84b8-41bb-b005-68d20de051a6,Quý ông Hưng Phạm,937893805174,27/12/1954,0344256073,janeduong@example.net,"9 John Khu
Thị xã JohnQuận, 982277",Tim mạch,9.79,Nhật Trần,27/04/2026
b77350ca-eec2-49dc-bf95-897c276aa6ce,Minh Vũ,608639178310,28/10/1965,0784144312,pduong@example.com,"982 Jane Số
JaneThành phố, 396578",Tiểu đường,6.76,Nhiên Hoàng,29/06/2026
7250ee18-260a-4962-9d81-b7f57d5911c6,Bác Dũng Mai,284807392417,09/03/1991,0305332593,uduong@example.org,"Thị xã JohnThị xã
76 Lê Dãy, 138817",Huyết áp cao,10.19,Bà Hà Dương,18/01/2026
b8f21423-03ed-41f8-b4f9-3d17e912b4bf,Quý cô Hải Lê,233246978785,15/12/1940,0342858969,jane96@example.net,"8 Đặng Dãy
Thành phố JohnPhường, 817644",Tiểu đường,10.2,Quang Trần,20/03/2026
b4323070-a23d-4c2f-82a7-96891933918c,Nhật Lê,608498735851,26/02/1986,0700482820,nguyenjane@example.org,"23 Hoàng Hẻm
Quận JohnXã, 501126",Khỏe mạnh,4.75,Quý cô Xuân Hoàng,26/01/2026
75a66981-4104-48b5-a34d-b7c5760debbb,Nam Dương,122489300760,13/04/2001,0817857980,johnduong@example.com,"JanePhường
43 Dương Ngõ, 348728",Tim mạch,3.93,Khoa Phú Hoàng,23/02/2026
fa5a91ca-059d-455d-8b94-3e30b303f438,Hạnh Văn Hoàng,142493265959,24/08/1998,0990411866,hoangjane@example.com,"5 John Khu
Thành phố JohnHuyện, 926918",Tiểu đường,4.26,Ông Nhiên Đặng,12/05/2026
53a3dd5a-4b8c-4bdc-a8dd-5e5a1712fb16,Bảo Hoàng Lê,427347417522,28/11/1992,0960913461,jane24@example.com,"JaneThành phố
236 Trần Số, 114594",Huyết áp cao,9.55,Tùng Trần,23/03/2026
431d029f-ac1e-46d8-bfbf-397bac3e7b0d,Hải Phú Trần,693964371508,03/10/1984,0510383372,nnguyen@example.net,"1 Vũ Số
Quận JohnThành phố, 419149",Tim mạch,6.56,Ông Tú Phạm,09/06/2026
5efa9c5b-7421-4f46-a37e-4b0122bae10e,Khoa Trí Bùi,361081537776,21/04/1983,0306714098,ahoang@example.com,"773 Trần Tổ
JohnThị xã, 389282",Khỏe mạnh,4.56,Cô Ánh Dương,17/01/2026
98de8ebb-a3b5-4ece-a446-be72364c911a,Ngọc Đặng,412615538272,10/04/1953,0551496876,johntran@example.net,"529 Jane Hẻm
Huyện JohnThành phố, 793169",Khỏe mạnh,5.86,Lan Nguyễn,06/03/2026
52e2afd9-96bf-40ab-bce9-15e7c9d6a63b,Lan Vũ,744682058679,27/04/1939,0327293755,hmai@example.net,"89 Jane Làng
Huyện JanePhường, 132663",Khỏe mạnh,8.42,Chi Bùi,18/03/2026
e8e22743-b65f-4ea9-bd82-42641ba362e7,Ông Vũ Đặng,275536485003,25/11/1979,0985812075,lejane@example.net,"98 Dương Số
Thành phố JohnThị xã, 573489",Huyết áp cao,5.79,Quý cô Linh Dương,13/03/2026
6d4067f4-5003-4b35-9857-8bafbac7e2b9,Anh Phú Lê,614318236221,19/08/1985,0572220991,ftran@example.org,"5 John Tổ
Thị xã JanePhường, 886730",Tiểu đường,3.83,Nhật Thị Vũ,19/04/2026
81e5c9f6-93f2-47cc-9a85-910d5a057c11,Chị Dương Dương,244998620566,12/11/1951,0900082529,dangjane@example.org,"89 Jane Đường
Huyện JaneHuyện, 468074",Tiểu đường,9.59,Lan Lê,12/04/2026
bdb025ff-2451-45a4-91d0-59b26699cd99,Hương Mai,445983420973,14/03/1951,0811711161,vduong@example.org,"9 John Hẻm
Thành phố JohnHuyện, 564637",Tiểu đường,10.3,Nhật Mai Bùi,19/02/2026
585d3f86-1d23-44e6-8329-20b7c143f426,Hà Thế Hoàng,446046087877,07/01/1971,0876812243,john36@example.net,"32 Vũ Tổ
Thành phố JanePhường, 551574",Tim mạch,9.99,Chị Kim Mai,07/05/2026
ab05347f-d556-437d-8f08-81ee8011316b,Vũ Hữu Nguyễn,675162476264,04/05/1967,0380925369,utran@example.net,"6 Trần Số
Huyện JohnXã, 582446",Tim mạch,3.7,Vũ Bảo Trần,13/02/2026
1422373f-8622-48d1-a683-e10796c044d0,Hạnh Tấn Phạm,550460495703,22/10/1959,0956352172,johnmai@example.net,"52 John Hẻm
JohnQuận, 731661",Tim mạch,10.03,Cô Bảo Dương,25/03/2026
72eb7474-9458-454e-8287-4f069050f7ef,Dũng Trí Dương,184567953345,23/06/1940,0765074709,yvu@example.com,"1 Dương Dãy
Thành phố JaneHuyện, 180458",Khỏe mạnh,4.31,Khoa Hoàng,02/04/2026
f4488385-8de7-4d6c-9490-77c27674456f,Chi Hoàng,264214426371,29/01/1983,0584844735,jane82@example.org,"1 John Làng
JaneXã, 648141",Khỏe mạnh,5.03,Bà Thành Vũ,11/03/2026
990f0c5b-adcc-4daf-969f-3ab3c6435300,Vi Đặng,708361995232,21/04/1940,0991425767,maijane@example.com,"19 Jane Khu
JohnXã, 843266",Tiểu đường,7.62,Hạnh Mai,09/03/2026
20b71785-d02c-40c1-9417-0a17caaa5bbe,Hải Bùi,745651176722,12/08/1972,0989014116,dangjane@example.org,"33 John Ngõ
JohnXã, 908320",Huyết áp cao,8.21,Dương Đặng,07/06/2026
6070b6a1-98e5-4499-a18c-6e1c9e374f7a,Chị Bảo Hoàng,369289631348,22/07/1994,0344047306,janenguyen@example.com,"94 Phạm Làng
JaneQuận, 485709",Tim mạch,10.22,Quý ông Khoa Bùi,01/04/2026
d11fc8c0-297c-44ff-b75d-599f6b2d5b09,Chị Ánh Vũ,561870534946,21/04/1939,0700229169,jdang@example.org,"12 Dương Hẻm
JohnQuận, 956375",Tiểu đường,4.93,Bác Nam Bùi,10/01/2026
62dbc850-3c5b-43a7-9fbb-f0b1808389c8,Thành Phạm,169989818941,20/07/1937,0504720090,dangjohn@example.org,"2 Dương Đường
Thành phố JaneQuận, 975522",Tim mạch,11.66,Quý cô Hà Vũ,12/02/2026
6b79afcc-3d0a-4f0c-8c39-4ec71f317405,Ông Tú Dương,931021864981,21/01/1979,0927530744,maijohn@example.net,"953 Lê Ngõ
JohnXã, 670511",Tim mạch,4.16,Hồng Dương,08/01/2026
40ef3935-5f90-4ed6-bb25-664d630aa767,Linh Trần,266394201492,30/08/1960,0813162176,hoangjane@example.org,"2 Dương Hẻm
Thành phố JaneThành phố, 407696",Khỏe mạnh,6.49,Cô Vi Phạm,09/06/2026
83f02dc7-4f61-4217-aef1-669450cae32d,Phương Mai Bảo Vũ,927200738691,02/03/1938,0853547855,janedang@example.org,"15 Bùi Dãy
JaneQuận, 620306",Khỏe mạnh,10.19,Bác Minh Vũ,25/05/2026
6e3c4532-1434-4f62-acac-028cba220065,Bà Thành Trần,571787276139,03/05/1941,0707043099,jane79@example.net,"70 Hoàng Số
JohnThành phố, 803787",Huyết áp cao,7.11,Thành Xuân Nguyễn,26/01/2026
702c1821-c804-4fb7-ad97-3b679b89e5cb,Lan Trần,631664427762,20/09/1952,0569294656,jane69@example.org,"57 John Tổ
JanePhường, 392227",Tim mạch,10.79,Cô Ngọc Lê,31/03/2026
1e2595b8-8fc9-486b-a9dd-ebf563119aca,Anh Dương,826081752448,27/02/1951,0750449534,jane31@example.org,"715 Trần Khu
JohnPhường, 844031",Tiểu đường,6.17,Bà Phương Phạm,22/01/2026
3c9abe10-238d-4f44-8ac4-d0eb3373730e,Ông Quang Mai,020412206395,09/04/1977,0776505539,imai@example.net,"67 Bùi Ngõ
Huyện JohnThị xã, 588461",Huyết áp cao,10.34,Hoàng Xuân Lê,19/03/2026
d4d60735-0e2f-4958-9e43-1e06e9247069,Phương Lê,955289037529,11/09/1957,0399844683,janepham@example.com,"438 Lê Khu
Quận JohnQuận, 790731",Khỏe mạnh,9.39,Nhiên Thị Nguyễn,15/01/2026
93a74792-c561-48dc-a436-4fcdf2d3f761,Trung Hoàng,887692983271,26/11/1965,0844721118,duongjane@example.net,"647 John Hẻm
JaneThị xã, 587002",Huyết áp cao,6.86,Bà Duyên Lê,26/02/2026
fcef1972-bbf4-43ce-91be-b80eb7e6a14c,Thành Trí Đặng,689496307459,01/02/1973,0977628156,dangjohn@example.com,"210 Bùi Số
Quận JaneXã, 856157",Huyết áp cao,4.03,Trung Xuân Dương,29/06/2026
4efc8248-e10b-4a47-bfae-b7487781321e,Ông Vũ Bùi,389779828248,23/05/1972,0728446206,johnhoang@example.com,"97 Mai Đường
Thị xã JohnHuyện, 862847",Tim mạch,7.46,Thành Phú Nguyễn,14/03/2026
5cce5ba9-31d4-4e09-8fd3-3afc91fdfa4f,Vũ Bùi,283994416660,21/04/1972,0586728937,john21@example.com,"5 John Số
Thành phố JohnQuận, 848255",Tiểu đường,7.78,Châu Mai Lê,20/04/2026
ee6e2e72-53f5-41dc-a3c8-afdb83f82f16,Phúc Hữu Hoàng,642263881939,19/06/1989,0820564550,jane88@example.net,"05 Trần Số
JohnXã, 597643",Tiểu đường,5.7,Nhiên Hoàng,10/02/2026
2ba6adb3-7afe-4114-9561-c8130d259caa,Bảo Hải Nguyễn,187073866545,17/04/1977,0584263456,phamjohn@example.com,"36 Nguyễn Hẻm
Huyện JaneXã, 495129",Khỏe mạnh,6.66,Phúc Mai Mai,03/03/2026
de1e994a-c5a1-4f5c-ad05-b9125ab28d4a,Trọng Dương,687617873121,12/07/1949,0963965410,janemai@example.com,"37 Dương Tổ
JaneThành phố, 701334",Tim mạch,5.48,Kim Phú Lê,22/02/2026
143b45e3-b6d1-46bb-b48f-709c49a22441,Bảo Đức Dương,032471786971,11/02/1951,0911340411,jane21@example.net,"083 John Ngõ
JanePhường, 595351",Khỏe mạnh,7.61,Hải Lê,01/01/2026
286ed390-edd9-4a1a-ba58-5b278ce3e7c3,Hải Mai Bảo Dương,265284421738,25/12/1982,0994928242,jane40@example.org,"0 Jane Hẻm
Thị xã JaneQuận, 885386",Huyết áp cao,6.33,Hưng Nguyễn,23/02/2026
fba57cc8-edaf-4766-9b78-0ede9a4ffc0c,Khoa Mai Mai,606778624655,08/10/1973,0968911244,janevu@example.org,"742 Jane Khu
Quận JaneThị xã, 640310",Tim mạch,6.4,Vũ Hữu Trần,03/02/2026
ef9240b6-52d7-4f10-ba3a-6e9623ff23d3,Cô Thảo Bùi,507847587898,07/09/1952,0986409665,jane49@example.net,"5 John Ngõ
JaneQuận, 525110",Tim mạch,10.21,Tú Vũ,08/03/2026
22319050-f515-4494-b818-cfd33889936a,Anh Bảo Hoàng,763931217749,08/10/1962,0321724125,zmai@example.net,"9 Jane Tổ
Thành phố JohnXã, 630041",Khỏe mạnh,4.28,Chị Lan Đặng,03/06/2026
3495311e-ae27-4432-9dc1-e7eb711c7673,Ông Minh Dương,928961370019,12/07/1994,0701790328,gle@example.com,"7 Nguyễn Số
JohnPhường, 328486",Tiểu đường,5.29,An Bùi,04/03/2026
0f6ce9bf-fe7e-4362-8a89-b0f0105291d3,Nhật Nguyễn,513493161824,13/06/1956,0963267685,johnbui@example.com,"JaneThị xã
825 John Số, 654531",Tim mạch,6.34,Chị An Nguyễn,26/06/2026
8b60c511-b816-4aeb-ac6a-7c8576876c62,Phương Hữu Phạm,734926710423,24/07/1953,0573224121,john43@example.net,"6 John Làng
Thành phố JohnThị xã, 726822",Tiểu đường,8.76,Mai Nguyễn,14/03/2026
c11f6bf5-379e-4467-8a2d-b2e63bfda8a6,Lan Mai,398131829745,08/01/2008,0920044760,janehoang@example.net,"428 Jane Khu
JohnXã, 720407",Tim mạch,9.0,Quý cô Phương Dương,09/01/2026
abdd1a8f-a4b0-4c89-b10b-ce9c582b91ee,Phương Tấn Bùi,289110217631,18/04/1965,0866464692,jane28@example.com,"27 Jane Số
Thị xã JohnHuyện, 313214",Khỏe mạnh,9.37,Vũ Mai Đặng,17/01/2026
0d31812e-30c3-4756-9453-f867b97e6224,Thành Hoàng,209113777826,05/07/1979,0835946611,phamjohn@example.com,"03 John Dãy
Quận JaneQuận, 678897",Tim mạch,7.8,Khoa Hữu Dương,07/04/2026
5c11ab6d-42f5-43f5-8ef4-c34d5bf86f3c,Quý ông Tú Dương,481364209185,04/02/1991,0519144103,john55@example.com,"2 Jane Số
JohnQuận, 445888",Khỏe mạnh,3.93,Quý cô Duyên Phạm,31/03/2026
566a9ce7-af52-4b94-b186-e47aa7946320,Châu Dương,120948282573,18/02/1969,0719907687,john28@example.com,"0 John Đường
JohnPhường, 342675",Khỏe mạnh,9.21,Nhật Lê,02/01/2026
0f79a8a7-5f8a-44bd-b4bd-0c938177b661,Quý ông Nam Nguyễn,690744335600,06/05/1974,0367384364,bnguyen@example.net,"862 John Hẻm
Quận JaneHuyện, 380310",Tim mạch,7.24,Hà Phú Bùi,24/03/2026
39d1c7ff-b27e-4442-bd7f-e9733e42df5b,Vũ Nguyễn,069112727373,27/04/1942,0332555727,jbui@example.com,"2 Jane Số
JohnXã, 144618",Tim mạch,9.61,Chị Xuân Hoàng,27/03/2026
af36b8cc-1308-4974-ac95-b3ac0beb7c34,Tùng Hoàng,324639969980,15/07/1983,0380241987,janenguyen@example.org,"429 Jane Tổ
JohnPhường, 859340",Tim mạch,5.88,Phương Đặng,10/01/2026
1375ee90-d6b3-41e4-bb6d-ca0d6fe5040b,Trọng Hữu Đặng,063824073035,27/08/1937,0384441490,jane73@example.com,"29 Trần Khu
Thành phố JohnHuyện, 261712",Tiểu đường,9.57,Nhật Trí Bùi,27/02/2026
f165d779-0154-4950-976d-e21f1b46ebdc,Bảo Đặng,570839494262,27/01/1991,0950980977,lejohn@example.org,"015 Jane Số
Huyện JaneThị xã, 917018",Huyết áp cao,3.75,Nhật Mai,12/06/2026
85671b58-926b-4fa5-be24-5fbffa698cd2,Quý cô Bảo Lê,192033862231,15/02/1955,0716310875,jane21@example.org,"71 Vũ Làng
JohnThị xã, 212168",Tiểu đường,5.6,Bà An Bùi,01/03/2026
dcb9075e-cdd7-4460-a140-77d39ec4ea48,Bảo Tấn Bùi,804575967569,09/01/1995,0840173204,janedang@example.net,"52 Đặng Khu
JohnHuyện, 494322",Tiểu đường,6.4,Thành Đặng,21/01/2026
ff4cc10f-979c-40cf-b326-1887905881df,Cô Nhật Dương,859270947363,01/05/2004,0944487755,janevu@example.net,"7 Jane Làng
JohnPhường, 543681",Tiểu đường,6.91,Hà Mai Hoàng,28/03/2026
ec6a37ad-81b1-4db9-88cc-4d49669b29b8,Phương Thị Đặng,187838748416,18/09/1986,0557435835,tranjohn@example.net,"9 Jane Tổ
JohnThành phố, 203396",Khỏe mạnh,10.99,Quang Mai,15/05/2026
9342a09f-b00a-464c-949c-d8d48ed8a80d,Quý cô Linh Bùi,152335900361,19/04/1969,0515389399,janenguyen@example.com,"125 Đặng Dãy
Thị xã JaneThị xã, 202365",Huyết áp cao,7.2,Quý ông Dũng Trần,24/02/2026
05c8234b-1d76-4a66-b5f5-9cb0cf685878,Tú Xuân Phạm,467014283821,28/02/1973,0952889546,janemai@example.com,"22 Bùi Đường
Thị xã JaneThị xã, 104666",Huyết áp cao,9.18,Chị Thảo Trần,14/04/2026
2fdc9992-8971-4eea-9f3a-098accac2fb5,Dũng Hoàng Dương,104848196906,24/10/1943,0707646564,omai@example.com,"1 Đặng Dãy
Huyện JohnPhường, 240454",Tim mạch,10.26,Tú Hải Vũ,22/01/2026
82c56b21-2430-42da-b185-0eb85f90fc87,Kim Trí Hoàng,036802622880,04/07/1963,0934107953,janemai@example.net,"2 Vũ Hẻm
Huyện JaneXã, 156215",Huyết áp cao,9.09,Nam Mai Bảo Lê,05/02/2026
816462cb-8fc3-47d3-b6bd-80c7624a2a50,Quý ông Châu Bùi,861398198018,03/05/1987,0388859078,kduong@example.org,"04 Jane Hẻm
JaneXã, 635618",Tiểu đường,8.14,Khoa Trần,18/02/2026
5deaa737-fdab-4441-92c2-a9608b0901ab,Vi Dương,990920833823,18/05/1975,0970925829,vtran@example.net,"745 Jane Ngõ
Quận JanePhường, 739905",Tiểu đường,10.05,Bảo Trí Phạm,27/05/2026
59cf0b0d-91f0-447d-8f32-1333ce315937,Trọng Mai,759437033337,14/10/1947,0955389365,jane94@example.net,"Quận JaneThành phố
2 John Hẻm, 845951",Tim mạch,9.06,Quang Hữu Dương,26/01/2026
6a0aa7d5-a0b8-4755-84ca-a5a2a1e518a2,Nhật Quang Trần,392505075585,25/11/1964,0353744715,jane77@example.com,"7 Trần Số
Thị xã JohnThị xã, 381581",Huyết áp cao,4.08,Khoa Tấn Mai,15/04/2026
c9ce44bd-7c3f-4add-9a38-5db590eeb067,Hưng Thị Trần,986991200074,16/03/1981,0792501932,hnguyen@example.org,"32 Lê Khu
Huyện JaneThành phố, 489906",Huyết áp cao,4.83,Cô Kim Vũ,11/05/2026
a7cde143-6de2-4429-bbf0-d9c1c156e501,Nhật Trần,347906553669,28/07/1935,0867229803,itran@example.net,"051 Lê Dãy
Quận JaneThành phố, 866260",Tiểu đường,4.24,Hà Đặng,08/03/2026
c601818b-61fa-41ba-a31a-e7c74c9bff5c,Chị Hà Mai,314130944729,12/08/1976,0797694205,janedang@example.net,"97 John Ngõ
Thành phố JaneHuyện, 550246",Tim mạch,11.26,Hoàng Hải Vũ,27/04/2026
999a1d86-99db-4302-8dab-66d33f87dfc2,Nam Vũ,585817545994,29/06/1950,0742635982,janevu@example.net,"61 Jane Ngõ
Huyện JaneQuận, 505629",Huyết áp cao,11.18,Thành Xuân Dương,21/06/2026
965d744f-0445-41a8-92af-97e4c536c66e,An Vũ,134759712259,30/03/1951,0780936430,buijane@example.net,"61 Jane Ngõ
JohnXã, 313068",Tim mạch,6.09,Bà Kim Hoàng,25/04/2026
a4a5c736-ae59-4a52-a65b-e22bd5a386d9,Hạnh Bùi,986942195509,12/10/1988,0724546526,johnpham@example.org,"99 Jane Hẻm
Thành phố JohnPhường, 111901",Khỏe mạnh,8.69,Quý cô Thành Mai,04/04/2026
2abe1585-425e-4259-b884-16d2d28fcf68,Hoàng Đức Trần,597044344405,23/10/1991,0309595175,dangjane@example.com,"9 Jane Dãy
JohnThị xã, 694423",Tiểu đường,10.9,Bà Bảo Vũ,20/05/2026
b90800f3-ac93-481a-92eb-eab0e4eec67c,Lâm Mai,611088711097,06/09/1935,0809786578,phamjohn@example.com,"086 Jane Làng
JaneHuyện, 966120",Khỏe mạnh,8.55,Khoa Đặng,22/01/2026
2de982f8-0d7b-4c04-a6e5-9b32ac5f12ef,Cô Hồng Trần,468461121175,08/07/1999,0381583495,jane51@example.net,"494 Jane Tổ
JohnPhường, 673108",Huyết áp cao,10.85,Chị Ngọc Bùi,05/01/2026
d6ee526b-a2cd-4590-98af-393c8aa2b4c9,Linh Nguyễn,540348522268,24/11/1990,0732235016,gvu@example.org,"70 Jane Ngõ
Quận JanePhường, 490586",Khỏe mạnh,10.43,Ông Nhiên Trần,01/04/2026
13281726-64f4-44d6-91e9-1691a3209116,Hồng Lê,263813920762,11/10/1952,0346278014,jane65@example.com,"329 John Ngõ
Thị xã JaneHuyện, 526259",Tiểu đường,9.75,Phương Đặng,23/06/2026
769de1e3-4eed-4124-b3b0-d6763527a5c8,Tú Trần,890607899737,31/12/1946,0532948288,john35@example.org,"68 Jane Khu
Thành phố JaneThị xã, 682959",Tiểu đường,5.24,Cô Chi Trần,25/05/2026
0fc98d2e-030f-4be9-9f17-8f9323c97a1e,Chị Mai Bùi,006337390123,01/09/1962,0856688254,hoangjane@example.org,"721 Trần Đường
JohnQuận, 701761",Tiểu đường,9.19,Nhật Hữu Dương,06/01/2026
5a9c0679-2c3d-47e2-ad39-da75aee70ab2,Chị Thảo Vũ,272477158186,20/01/1968,0804153505,johnhoang@example.net,"68 Nguyễn Ngõ
JaneQuận, 539599",Huyết áp cao,11.52,Chị Dương Mai,24/05/2026
b69f75c5-c82b-41be-a1eb-64e6fd498e20,Châu Mai Bảo Đặng,989365492331,13/02/2002,0548174678,jane42@example.org,"407 Hoàng Làng
Thành phố JohnPhường, 352867",Tim mạch,3.91,Tùng Nguyễn,18/05/2026
d8b48ead-9360-4edf-b82b-5b86f2a32efd,Thành Xuân Lê,032412682514,05/10/1952,0936428776,jane90@example.net,"3 Mai Khu
Thị xã JohnThành phố, 158896",Tim mạch,8.38,Chị Ngọc Mai,28/03/2026
33932b6c-9d37-4fb6-aafb-3e9054ec84ce,Bà Nhật Lê,232655837082,26/07/2002,0556863649,john02@example.net,"851 Bùi Ngõ
JaneHuyện, 243079",Khỏe mạnh,11.64,Quý cô Hải Dương,27/04/2026
8fddbebc-f7ff-48d4-b509-f08a2c988bca,Quang Xuân Bùi,725655974449,22/11/1957,0866708169,john20@example.net,"0 Jane Làng
Thị xã JohnHuyện, 881549",Tiểu đường,11.88,Lâm Đặng,26/06/2026
f68c62e6-e2a4-4909-a2dd-22d52afaab7b,Nhật Đặng,425070552052,05/02/1968,0984774219,john31@example.com,"0 Jane Dãy
JohnThị xã, 617033",Khỏe mạnh,7.96,Thành Hữu Trần,30/05/2026
a6a5f0ff-93fb-41d0-9d32-6d9cc9ea356a,Chị Chi Trần,367773752824,01/11/1993,0938056796,vujohn@example.com,"526 John Ngõ
JanePhường, 132498",Huyết áp cao,10.68,Hải Xuân Hoàng,10/06/2026
54c29d5c-19ec-4829-8db5-d4412837f418,Chị Hồng Mai,287687993901,15/03/1988,0916305407,jane43@example.org,"050 Trần Khu
JohnThành phố, 126985",Huyết áp cao,8.14,Chị Dương Vũ,25/06/2026
4ef03f80-1d91-4e39-9801-4004793bed1b,Nhật Mai Bảo Vũ,554822780492,23/02/1942,0308724074,xle@example.com,"477 Phạm Khu
Quận JohnThành phố, 800596",Huyết áp cao,5.55,Tùng Bảo Hoàng,10/02/2026
d183010f-6319-429b-973e-7bb90f9ca17b,Phương Mai Bảo Hoàng,080005088852,09/11/1999,0722524636,fvu@example.com,"9 John Dãy
Quận JohnQuận, 232315",Huyết áp cao,8.08,Hồng Trần,27/06/2026
d2938e6e-ff4d-4930-b3b0-fb536f75ee8a,Bà Thành Trần,059300179453,05/11/1941,0587994452,umai@example.com,"9 Trần Số
Quận JohnThành phố, 690016",Tim mạch,5.23,Hạnh Mai,08/06/2026
620f230b-439e-454c-a930-16eae0bda1ee,Quý ông Hưng Lê,572560229429,07/08/1955,0554517112,janenguyen@example.com,"3 Jane Khu
JohnHuyện, 957091",Tim mạch,11.65,Khoa Vũ,01/06/2026
1924c644-af52-4666-b239-09f4dbb54645,Chị Thảo Dương,915470989052,31/12/1991,0938954986,jane69@example.net,"678 Nguyễn Hẻm
Huyện JaneQuận, 918430",Huyết áp cao,4.72,Lan Phạm,07/06/2026
3fde9814-0ec0-4d4b-9644-1a9d3362d476,Chi Nguyễn,416162070960,06/07/2002,0803922208,janedang@example.com,"0 Jane Dãy
JohnThị xã, 715388",Khỏe mạnh,3.82,Quang Xuân Vũ,15/05/2026
0706fec2-48fa-4e98-9723-ecdbb0588256,An Xuân Hoàng,524913129687,03/06/1992,0544054358,johnpham@example.net,"0 Jane Hẻm
Thành phố JohnHuyện, 737894",Huyết áp cao,8.03,Anh Bùi,11/06/2026
4082fcda-7580-44e9-9945-0186da018d29,Quý cô Thảo Mai,609875010142,02/09/1995,0561439098,ghoang@example.org,"9 Vũ Ngõ
JohnHuyện, 389913",Huyết áp cao,7.82,Anh Đức Vũ,03/02/2026
e651e3e1-3d84-4fc9-83f6-2136846d5a3b,Vi Hoàng,287108419900,28/12/1964,0594713704,john07@example.com,"60 Jane Làng
JaneXã, 414777",Tim mạch,4.17,Chị Hạnh Trần,26/03/2026
ceef9fa8-b9a5-44d0-8237-01f1bdacdc5e,Bà Hải Trần,042059600553,20/09/1951,0529192595,janebui@example.com,"17 John Dãy
Thành phố JaneXã, 412848",Tiểu đường,10.87,An Trí Lê,28/06/2026
91c46efc-fcb8-46bb-a8c0-cbef57b936b0,Anh Dũng Lê,613020937810,10/05/1992,0372228530,odang@example.org,"743 John Dãy
Quận JanePhường, 550268",Khỏe mạnh,5.68,Kim Mai Bảo Bùi,01/01/2026
5f8392d5-bb0c-4919-b30c-cff588a5fa0d,Xuân Đặng,492250403742,29/09/1990,0808887851,johnnguyen@example.net,"5 Lê Ngõ
JaneQuận, 168458",Khỏe mạnh,9.24,Thảo Vũ,24/03/2026
567c5d44-862c-42fd-98ab-b2e785319f0f,Hải Trí Đặng,445152379921,19/03/2008,0803061180,wdang@example.org,"332 John Hẻm
Huyện JohnThị xã, 771425",Tiểu đường,10.38,Tùng Hoàng,09/01/2026
1bad52a8-a976-4c4d-8c47-2187fea35d37,Ngọc Trần,670499204603,01/12/1965,0507535242,jtran@example.com,"046 Jane Hẻm
JohnXã, 853681",Tim mạch,3.97,Hạnh Trần,22/05/2026
3322c68b-9be7-4aec-b2da-81f07f6bd3c6,Minh Phạm,864692801428,15/08/1961,0718185709,kvu@example.org,"7 Phạm Đường
Thành phố JohnXã, 801520",Khỏe mạnh,6.83,Anh Vũ Mai,14/01/2026
41822509-e79f-4f3d-99ee-2c3bb93c4b0b,Quý cô Thảo Vũ,942975787855,21/05/1969,0971298000,lejohn@example.com,"11 John Hẻm
Huyện JaneThị xã, 752011",Huyết áp cao,3.83,Vũ Đặng,27/05/2026
6676cc75-6699-4af5-9d24-181c2ed087d4,Bác Thành Dương,596820299167,20/11/1993,0918545555,johnle@example.net,"697 Lê Số
JohnPhường, 979269",Tiểu đường,8.34,Quý cô Nhật Trần,09/06/2026
42f90f92-1036-4a81-8bc4-d7ba70d0ebcb,Nam Hải Đặng,180880477796,22/05/1973,0320536343,buijohn@example.com,"890 John Dãy
JohnThành phố, 887931",Tim mạch,5.55,Bác Quang Đặng,24/06/2026
8ced4707-3903-4b65-81c6-1eeb0ce3c8c8,Kim Hải Trần,983234018778,03/01/1969,0988754634,ftran@example.com,"0 Jane Số
Thành phố JohnXã, 749137",Huyết áp cao,8.09,Minh Mai,07/02/2026
57423882-f34a-4949-b4ca-0ad7abe5be96,Hưng Hải Dương,885010293019,23/09/1959,0375286932,tdang@example.com,"554 Trần Đường
Thị xã JohnPhường, 878579",Huyết áp cao,6.08,Hà Đức Hoàng,05/02/2026
6494dd5c-da29-4905-ae22-a70b1ee93260,Quý cô Ánh Phạm,460507108971,27/10/1987,0305496229,buijohn@example.net,"79 Jane Đường
Thị xã JaneXã, 919023",Tiểu đường,8.6,Chị Nhật Lê,19/01/2026
e1f85b33-9b2d-4a2a-99bd-6240a8535961,Minh Hữu Bùi,753633673402,31/12/2006,0757328162,janebui@example.com,"JohnQuận
8 Mai Tổ, 846454",Khỏe mạnh,5.89,Chị Mai Hoàng,09/05/2026
ac20af11-ebd3-4927-9865-28e6afc5c20e,Chị Phương Mai,220887457594,07/03/1986,0375330945,john58@example.com,"8 Bùi Đường
Thành phố JaneQuận, 155642",Tiểu đường,8.48,Mai Vũ,16/05/2026
aef2ab2f-495f-42fc-bbc8-c77e29330fc4,Hoàng Nguyễn,925225265462,28/11/1985,0376998799,john80@example.com,"8 Jane Làng
JohnThị xã, 506380",Tim mạch,11.29,Hải Tấn Mai,10/01/2026
9edd2182-33fd-462d-8057-e470be6127a8,Anh Quang Hoàng,261905863667,25/05/1975,0570640814,johnvu@example.com,"281 Nguyễn Số
JaneQuận, 268746",Tim mạch,6.5,Nam Đặng,25/03/2026
27591ad4-0a39-4bf7-a7a1-58a0efffa2f4,Trọng Thị Hoàng,379959635157,16/01/1997,0397490678,jane98@example.com,"3 John Hẻm
JaneThành phố, 466375",Khỏe mạnh,5.69,Chị Dương Đặng,01/03/2026
c0ae0b1a-f347-4736-b7ec-07a64b27b079,Ông Tú Đặng,234098567491,11/01/1968,0506976942,johndang@example.com,"48 Nguyễn Tổ
JaneThành phố, 410833",Khỏe mạnh,10.65,Bà Vân Trần,20/06/2026
c5f833cf-f4ce-4477-b8bc-a9ac2ada62ce,Dương Trần,128470713239,18/11/1950,0748015761,janetran@example.org,"1 John Dãy
JohnThành phố, 176806",Khỏe mạnh,5.62,Lan Vũ,11/04/2026
e9366a85-3a46-4be3-9255-a4de9330ba83,Huy Bùi,454222038972,04/06/1968,0322888694,ubui@example.org,"0 John Ngõ
JohnHuyện, 925115",Tiểu đường,3.51,Trọng Trần,20/02/2026
65262474-61a4-41ff-b00b-8b43ed3b9d13,Chi Lê,191155218265,09/06/1974,0761880315,janemai@example.com,"50 John Đường
Thị xã JohnHuyện, 320256",Tim mạch,6.41,Trung Bảo Mai,26/01/2026
d5b211a9-9dec-4b83-b885-8f7e2f1a25a8,Trung Trần,266936098691,24/09/1948,0796775687,maijane@example.net,"1 Trần Làng
JaneHuyện, 234443",Huyết áp cao,11.03,Cô Thảo Hoàng,13/01/2026
735d88f3-7c61-46df-915a-6b4331891f48,Trọng Thế Hoàng,884408865564,14/08/1946,0959865494,jane62@example.org,"6 Đặng Hẻm
JaneThị xã, 566991",Huyết áp cao,8.88,Khoa Mai Bảo Mai,20/01/2026
d77fbeeb-14fc-4a5d-9b4b-f377a542deb9,Hoàng Mai,792764676159,31/10/1949,0592185844,tranjohn@example.net,"3 Jane Dãy
Huyện JaneQuận, 909652",Khỏe mạnh,7.67,Hoàng Dương,01/04/2026
808e08d2-5d26-4b1b-a593-b659172e8c68,Dương Phạm,581362808743,25/05/1997,0507480196,johnduong@example.org,"7 Nguyễn Làng
JohnThành phố, 377198",Huyết áp cao,11.6,Quang Thị Phạm,04/04/2026
783c91eb-635a-41f2-9c7a-f83dca9d2704,Ông Hưng Đặng,381986539482,11/01/1943,0337179744,jane98@example.net,"91 Bùi Làng
JaneHuyện, 610511",Huyết áp cao,10.94,Ông Minh Lê,21/03/2026
a4bae8bf-83b8-4a05-93bc-0dc63ae0acdb,Trung Lê,045998806836,19/02/1949,0575921981,john36@example.com,"7 Phạm Hẻm
JohnQuận, 145240",Tim mạch,7.83,Chị Bảo Mai,08/01/2026
2a955908-0e50-4fd8-a598-f38392803da2,Phúc Mai,654005145444,12/06/2005,0896267262,vujohn@example.org,"23 Hoàng Hẻm
Huyện JohnPhường, 818894",Tiểu đường,5.85,Bảo Quang Phạm,10/03/2026
33cd1d56-043d-42db-9bcb-404c21d8b96a,Bảo Đức Lê,636556935553,26/03/1970,0902385583,maijohn@example.org,"8 Jane Số
JohnPhường, 655552",Khỏe mạnh,4.38,Lâm Mai Bảo Bùi,05/03/2026
c2f43c10-e869-407c-bdcb-fffccdfba4e9,Kim Lê,882935016146,27/01/1954,0535602806,johnvu@example.net,"30 John Đường
JohnPhường, 943356",Khỏe mạnh,4.02,Huy Phú Trần,28/01/2026
42e4bf01-40ee-431d-95da-d216a6cdae3c,Khoa Phú Hoàng,036349795955,11/08/1955,0956582636,apham@example.net,"588 Vũ Khu
JanePhường, 244775",Huyết áp cao,11.72,Nhật Phạm,22/03/2026
19abdc15-296b-47bf-b301-bb6cb3061300,Quý cô Vi Đặng,883860499265,15/12/1993,0592849392,lejane@example.net,"796 John Khu
Huyện JohnXã, 139589",Tiểu đường,5.54,Kim Thế Hoàng,11/01/2026
a3ea21a2-2cde-4187-91fa-82a6c60b340c,Quý ông Nam Phạm,407160578950,02/08/1997,0909970890,john09@example.net,"2 Jane Làng
Quận JohnHuyện, 917546",Tim mạch,9.14,Thành Hữu Bùi,16/04/2026
b4209103-bca7-46eb-83ef-0f77848ac924,Hà Mai,225835892915,05/04/1956,0812999214,jane43@example.net,"JaneXã
26 John Khu, 456480",Tiểu đường,8.73,Phương Vũ,07/06/2026
400945ce-932c-4ec9-8b1b-8effd02a6cbb,Quý ông Nhiên Dương,265367127264,14/09/1991,0516720302,jane79@example.org,"633 Bùi Tổ
Huyện JohnHuyện, 197527",Khỏe mạnh,3.97,Hải Tấn Trần,10/04/2026
5a81762a-5059-477b-b9ff-89d92db13deb,Bà Lan Phạm,348243957101,03/12/1971,0905333150,johnpham@example.com,"952 John Ngõ
JohnXã, 144316",Tim mạch,10.18,Bác Trọng Đặng,30/03/2026
9313b3a7-e5a1-46e4-a188-6146fc40a3d4,Châu Lê,106765049230,10/05/2007,0968358813,jane39@example.org,"80 Bùi Hẻm
JohnPhường, 643377",Tiểu đường,10.61,Bác Nam Nguyễn,02/05/2026
534fc96d-19ca-4c1b-94bc-f47a61223189,Trọng Đức Lê,501895715177,16/07/1975,0501994055,janeduong@example.net,"63 Đặng Tổ
JaneThị xã, 288627",Huyết áp cao,9.25,Chị Hà Vũ,25/05/2026
618192de-db37-4ca7-aea5-e3418e2ac3ff,Chị Vi Lê,098295258398,08/01/1970,0806749321,lejane@example.com,"44 Jane Ngõ
Thành phố JohnHuyện, 599687",Huyết áp cao,4.27,Nhật Đặng,16/02/2026
ee8d5daa-8eb7-4306-8f73-198e5c3d0d5f,Quang Nguyễn,044794387259,21/07/1965,0713653596,john99@example.net,"55 Dương Ngõ
JaneThị xã, 762398",Tiểu đường,4.09,Chị Hải Đặng,17/03/2026
d9518f98-679f-4f42-9256-d7079cc05b67,Hà Lê,243736487133,30/07/1960,0918800977,jane44@example.net,"59 Bùi Hẻm
Thành phố JohnPhường, 346024",Tiểu đường,7.97,Vũ Phạm,31/01/2026
efd1b588-1054-42d5-9876-35761a5ed196,Ông Nam Bùi,548109865288,29/09/1973,0923209440,tranjane@example.net,"33 Dương Hẻm
Quận JohnThành phố, 795781",Khỏe mạnh,8.97,Dũng Mai Bảo Dương,25/06/2026
8c6d768e-45bc-43ba-af52-d36e8a63b93c,Anh Tùng Lê,765480436983,16/08/1978,0877067620,bhoang@example.net,"78 John Dãy
JaneThị xã, 372427",Huyết áp cao,6.57,Bà An Nguyễn,05/04/2026
5808d790-22e4-4628-9913-057dc21f84fc,Châu Mai,225030611704,06/02/1936,0987069700,tduong@example.org,"3 Jane Làng
JaneThị xã, 362035",Huyết áp cao,8.53,Quý cô Kim Phạm,17/02/2026
84408e98-3d53-4c43-a015-2b5b6c17e150,Khoa Mai,844097983202,16/07/1994,0368033139,epham@example.org,"7 Vũ Dãy
Huyện JohnQuận, 152042",Tiểu đường,10.29,Lan Trần,20/02/2026
ba23b07a-703c-4286-b717-14cd200291bb,Mai Trần,842975406500,29/06/1946,0808493224,vpham@example.com,"70 Trần Hẻm
Huyện JaneThành phố, 669578",Tim mạch,9.25,Anh Trung Vũ,28/05/2026
f97f4994-1f38-4f55-833a-c4d6d4085391,Quý cô Vi Dương,794127871176,15/07/1953,0535428094,phamjane@example.net,"64 Lê Đường
Huyện JanePhường, 413328",Khỏe mạnh,10.38,Bà Xuân Nguyễn,05/06/2026
3c6841d6-1ce8-412f-b928-7d2637c0f87a,Thành Văn Lê,574521271021,26/06/1993,0578585513,buijohn@example.org,"JohnHuyện
271 Nguyễn Đường, 472787",Tiểu đường,9.69,Cô Bảo Dương,11/02/2026
a50784cb-c9df-401e-8ef0-0de1fb4f1972,Bảo Hoàng Nguyễn,680958289389,23/10/1985,0338081979,john40@example.com,"7 John Tổ
JaneHuyện, 971733",Tiểu đường,10.87,Cô Phương Lê,22/03/2026
5dfb1922-8aa6-4006-836a-db9dd1c56a00,Ông Minh Bùi,298540272738,19/01/1989,0719755468,hoangjane@example.net,"8 Phạm Dãy
Huyện JaneThị xã, 772036",Tiểu đường,11.85,Tú Đức Mai,29/04/2026
2138e2e6-f013-4170-95cf-3b4c0b34fc84,Cô Lâm Trần,709452530396,04/12/1970,0902671251,nguyenjane@example.net,"539 John Làng
JohnThị xã, 939930",Tim mạch,9.67,Linh Mai,14/05/2026
5e7b4866-d270-4470-aa7b-e8b1e3f342a8,Ánh Hoàng,606200264651,24/11/1954,0770177940,tranjane@example.org,"386 John Làng
Thị xã JohnPhường, 704570",Huyết áp cao,8.89,Bảo Bảo Trần,31/01/2026
81338bdc-66cc-4376-8cca-89632e2e77a4,Phúc Mai Đặng,151741622996,17/05/2001,0547767339,jane66@example.net,"8 Jane Khu
JaneThị xã, 516379",Tiểu đường,5.05,Yến Nguyễn,26/06/2026
2294fa0a-8482-4c08-842c-65ad9883e9b1,Nam Vũ,206903497683,10/05/2007,0867225401,janenguyen@example.net,"075 John Khu
JohnQuận, 368691",Huyết áp cao,4.97,Vũ Hoàng,13/03/2026
13c37b5d-bbf8-4a91-b7a9-f824eafa4d5b,Châu Xuân Dương,002789838338,09/10/1995,0749348687,hoangjane@example.org,"055 Bùi Ngõ
Thành phố JaneThành phố, 419588",Tiểu đường,10.63,Linh Mai,12/04/2026
388629ff-b2a0-4778-809d-644453ab3cce,Cô Hải Bùi,591504360621,19/05/2006,0992648168,phamjane@example.com,"517 Jane Khu
Thị xã JanePhường, 236708",Tiểu đường,10.98,Quý cô Phương Phạm,29/03/2026
8fa8ae34-3233-4053-9242-ba54a6f9c0e1,Chị Hương Vũ,906117070429,13/03/1992,0536043938,john16@example.com,"59 Jane Hẻm
JaneXã, 252901",Tiểu đường,6.87,Ông Quang Phạm,04/05/2026
da4ec04c-ba7e-4b86-81fa-d75327ef0a4b,Hà Nguyễn,751401505922,27/03/1953,0322040430,janenguyen@example.com,"77 Jane Làng
Quận JaneXã, 606489",Tim mạch,11.39,Cô Kim Hoàng,13/06/2026
2b9a118e-4165-464c-8b21-a30886dc4e34,Thảo Phạm,322777667199,07/02/1993,0813683074,john70@example.org,"5 John Khu
JohnThị xã, 633243",Huyết áp cao,8.57,Thành Dương,06/06/2026
32e97c2d-2fb9-4ccf-9688-85c288145bde,Ông Hưng Phạm,825431296865,27/10/2002,0912075618,jane76@example.net,"5 Vũ Làng
JohnPhường, 370196",Tim mạch,5.4,An Đức Phạm,28/01/2026
23238416-a82c-4e18-a491-982be5ad481d,Nhật Bùi,912902144754,04/07/1973,0897248209,janepham@example.net,"5 Mai Hẻm
Quận JohnQuận, 424008",Huyết áp cao,7.19,Quý cô Bảo Hoàng,15/06/2026
88702ae7-8ead-4a9a-915c-42cd51476e86,Bảo Đặng,074996276376,12/10/1996,0794339752,johndang@example.com,"42 John Hẻm
Thành phố JaneXã, 694587",Huyết áp cao,3.55,Chị Mai Nguyễn,06/03/2026
22538040-7a02-4a6d-87a2-b171b02a06ee,Bác Phúc Bùi,711121755751,15/05/1971,0773119105,johnpham@example.org,"63 John Ngõ
Thị xã JanePhường, 440677",Huyết áp cao,4.19,Anh Huy Bùi,20/05/2026
61603399-d307-4198-bc3e-b4029ba14c35,Thành Thị Mai,419081052824,22/06/1943,0730695986,pnguyen@example.net,"6 John Khu
JaneHuyện, 911259",Tim mạch,3.54,Bảo Lê,18/03/2026
b0a0c1cd-0df6-4527-ab45-bc389cf65e33,Quý cô Hải Dương,460561110243,04/02/1942,0594822128,lejohn@example.com,"279 Jane Ngõ
JanePhường, 780081",Tim mạch,6.14,Cô Hà Trần,08/05/2026
8618e40d-15d6-4658-9ce9-dbbca25291f3,Nhật Xuân Bùi,710401516391,02/09/1975,0755149727,lejane@example.net,"220 Vũ Khu
JanePhường, 289473",Khỏe mạnh,8.64,Bảo Phạm,01/01/2026
75699aef-0320-4c4e-80cb-e188c3f0fac3,Quý ông Tùng Nguyễn,623137639318,17/11/1979,0314614229,npham@example.net,"71 John Khu
Thành phố JohnQuận, 157738",Huyết áp cao,11.64,Hưng Trí Nguyễn,01/05/2026
54c3b22e-4c66-4a4d-9a70-ea8ad6881d3e,An Trần,451720987678,06/12/1965,0578215259,johnvu@example.net,"95 John Khu
JaneThị xã, 960109",Tiểu đường,8.05,Kim Mai,12/01/2026
